order_id,customer_id,product_id,order_date,quantity,unit_price,total_amount,payment_method
5001,101,201,2024-05-01,1,1299.99,1299.99,Credit Card
5002,102,202,2024-05-02,2,199.50,399.00,PayPal
5003,103,205,2024-05-03,1,89.99,,Credit Card
5004,104,204,2024-05-04,1,349.00,349.00,UPI
5005,101,207,2024-05-05,3,45.00,135.00,Credit Card
5006,105,203,2024-05-06,1,280.00,280.00,
5007,106,206,2024-05-07,1,499.00,499.00,Bank Transfer
5008,102,208,2024-05-08,2,179.99,359.98,PayPal
5001,101,201,2024-05-01,1,1299.99,1299.99,Credit Card
5009,107,205,2024-05-10,2,89.99,179.98,Credit Card
5010,108,202,2024-05-11,1,199.50,199.50,UPI
